id	decision
1	VERIFY
4	VERIFY
5	VERIFY
7	VERIFY
9	VERIFY
10	VERIFY
11	VERIFY
15	VERIFY
19	VERIFY
24	SKIP_STABLE
25	SKIP_STABLE
26	SKIP_STABLE
27	VERIFY
29	VERIFY
31	VERIFY
32	SKIP_STABLE
34	VERIFY
35	VERIFY
36	VERIFY
38	SKIP_STABLE
44	VERIFY
45	SKIP_STABLE
47	VERIFY
48	VERIFY
53	VERIFY
58	VERIFY
59	SKIP_STABLE
60	VERIFY
61	VERIFY
62	VERIFY
63	SKIP_STABLE
64	SKIP_STABLE
65	VERIFY
67	VERIFY
68	VERIFY
69	VERIFY
70	VERIFY
71	VERIFY
72	VERIFY
73	VERIFY
74	VERIFY
75	VERIFY
76	VERIFY
77	VERIFY
78	VERIFY
79	VERIFY
83	VERIFY
89	SKIP_STABLE
90	VERIFY
96	SKIP_STABLE
97	VERIFY
102	SKIP_STABLE
103	VERIFY
104	VERIFY
105	VERIFY
107	VERIFY
108	VERIFY
109	VERIFY
110	VERIFY
111	VERIFY
115	VERIFY
124	VERIFY
125	VERIFY
126	VERIFY
127	VERIFY
128	VERIFY
130	SKIP_STABLE
131	VERIFY
135	SKIP_STABLE
136	VERIFY
139	VERIFY
141	VERIFY
142	VERIFY
143	VERIFY
144	VERIFY
153	VERIFY
155	VERIFY
161	VERIFY
163	VERIFY
169	VERIFY
174	VERIFY
178	VERIFY
179	VERIFY
180	VERIFY
184	VERIFY
185	VERIFY
186	VERIFY
187	VERIFY
188	VERIFY
189	VERIFY
190	VERIFY
191	SKIP_STABLE
194	SKIP_STABLE
196	VERIFY
197	VERIFY
198	VERIFY
201	VERIFY
203	VERIFY
204	VERIFY
205	VERIFY
207	VERIFY
209	VERIFY
211	VERIFY
212	VERIFY
214	SKIP_STABLE
215	SKIP_STABLE
216	VERIFY
218	VERIFY
219	VERIFY
221	VERIFY
222	VERIFY
224	VERIFY
225	VERIFY
227	VERIFY
234	VERIFY
235	VERIFY
236	VERIFY
239	VERIFY
240	VERIFY
245	VERIFY
246	VERIFY
251	VERIFY
252	VERIFY
253	VERIFY
254	VERIFY
255	VERIFY
256	VERIFY
259	VERIFY
262	VERIFY
266	VERIFY
267	VERIFY
268	VERIFY
269	VERIFY
270	VERIFY
271	VERIFY
272	VERIFY
280	VERIFY
282	SKIP_STABLE
283	VERIFY
284	SKIP_STABLE
285	VERIFY
286	VERIFY
287	VERIFY
288	VERIFY
290	SKIP_STABLE
291	SKIP_STABLE
292	VERIFY
293	VERIFY
294	VERIFY
295	VERIFY
296	VERIFY
297	SKIP_STABLE
299	VERIFY
300	VERIFY
301	VERIFY
302	VERIFY
305	VERIFY
306	VERIFY
307	VERIFY
308	VERIFY
309	VERIFY
310	VERIFY
311	VERIFY
317	VERIFY
320	VERIFY
321	VERIFY
324	VERIFY
325	VERIFY
326	VERIFY
328	VERIFY
330	VERIFY
336	VERIFY
509	SKIP_STABLE
510	VERIFY
512	VERIFY
514	VERIFY
515	VERIFY
516	VERIFY
521	SKIP_STABLE
522	SKIP_STABLE
523	VERIFY
524	VERIFY
526	VERIFY
527	VERIFY
528	VERIFY
529	VERIFY
530	VERIFY
531	VERIFY
532	VERIFY
533	VERIFY
534	VERIFY
535	VERIFY
536	VERIFY
537	SKIP_STABLE
540	VERIFY
542	VERIFY
545	VERIFY
547	VERIFY
548	VERIFY
550	VERIFY
551	VERIFY
552	VERIFY
554	VERIFY
555	VERIFY
556	VERIFY
557	VERIFY
560	VERIFY
561	VERIFY
564	VERIFY
566	VERIFY
567	VERIFY
568	VERIFY
569	VERIFY
570	VERIFY
571	VERIFY
575	VERIFY
576	VERIFY
577	VERIFY
579	VERIFY
582	VERIFY
584	SKIP_STABLE
586	VERIFY
587	VERIFY
588	VERIFY
589	VERIFY
590	VERIFY
591	VERIFY
592	VERIFY
593	VERIFY
594	VERIFY
595	VERIFY
596	VERIFY
600	VERIFY
601	VERIFY
602	VERIFY
603	VERIFY
604	VERIFY
605	VERIFY
606	VERIFY
607	VERIFY
608	VERIFY
611	SKIP_STABLE
612	VERIFY
613	VERIFY
616	VERIFY
618	VERIFY
622	VERIFY
624	VERIFY
627	VERIFY
628	VERIFY
629	VERIFY
631	VERIFY
633	VERIFY
635	VERIFY
642	VERIFY
643	VERIFY
645	VERIFY
646	VERIFY
650	VERIFY
653	VERIFY
654	VERIFY
655	VERIFY
656	VERIFY
657	VERIFY
658	VERIFY
659	VERIFY
665	VERIFY
666	VERIFY
674	VERIFY
675	VERIFY
676	VERIFY
677	VERIFY
680	VERIFY
682	VERIFY
683	VERIFY
684	VERIFY
685	VERIFY
686	VERIFY
687	VERIFY
693	VERIFY
696	VERIFY
699	VERIFY
700	VERIFY
702	VERIFY
704	VERIFY
708	VERIFY
721	VERIFY
722	VERIFY
729	VERIFY
733	VERIFY
738	VERIFY
739	VERIFY
740	VERIFY
741	VERIFY
743	VERIFY
747	VERIFY
748	VERIFY
753	VERIFY
768	VERIFY
778	VERIFY
780	VERIFY
783	VERIFY
785	VERIFY
786	VERIFY
787	VERIFY
790	VERIFY
791	VERIFY
796	VERIFY
797	VERIFY
798	VERIFY
801	VERIFY
809	VERIFY
812	VERIFY
819	VERIFY
821	VERIFY
823	VERIFY
824	VERIFY
825	VERIFY
829	VERIFY
830	VERIFY
834	VERIFY
840	VERIFY
841	VERIFY
842	VERIFY
844	VERIFY
845	VERIFY
846	VERIFY
847	VERIFY
855	VERIFY
856	VERIFY
857	VERIFY
860	VERIFY
861	VERIFY
869	VERIFY
876	VERIFY
884	VERIFY
888	VERIFY
889	VERIFY
891	VERIFY
901	VERIFY
902	VERIFY
903	VERIFY
904	VERIFY
905	VERIFY
908	VERIFY
911	VERIFY
924	VERIFY
925	VERIFY
926	VERIFY
928	VERIFY
929	VERIFY
933	VERIFY
934	VERIFY
935	VERIFY
937	VERIFY
938	VERIFY
939	VERIFY
940	VERIFY
945	VERIFY
946	VERIFY
947	VERIFY
948	VERIFY
955	VERIFY
957	VERIFY
958	VERIFY
960	VERIFY
961	VERIFY
963	VERIFY
964	VERIFY
966	VERIFY
968	VERIFY
970	VERIFY
971	VERIFY
972	VERIFY
973	VERIFY
975	VERIFY
983	VERIFY
987	VERIFY
988	VERIFY
990	VERIFY
992	VERIFY
993	VERIFY
994	VERIFY
997	VERIFY
1000	VERIFY
1001	VERIFY
1002	VERIFY
1003	VERIFY
1009	VERIFY
1010	VERIFY
1015	VERIFY
1020	SKIP_STABLE
1023	SKIP_STABLE
1028	SKIP_STABLE
1029	VERIFY
1030	VERIFY
1032	VERIFY
1033	VERIFY
1034	VERIFY
1035	VERIFY
1036	VERIFY
1037	VERIFY
1038	VERIFY
1039	VERIFY
1040	VERIFY
1049	VERIFY
1050	VERIFY
1051	VERIFY
1052	VERIFY
1054	VERIFY
1055	VERIFY
1059	VERIFY
1061	VERIFY
1063	VERIFY
1065	VERIFY
1067	VERIFY
1068	VERIFY
1069	VERIFY
1070	VERIFY
1071	VERIFY
1072	VERIFY
1073	VERIFY
1074	VERIFY
1075	VERIFY
1076	VERIFY
1078	VERIFY
1079	VERIFY
1080	VERIFY
1101	VERIFY
1102	VERIFY
1103	VERIFY
1104	VERIFY
1105	VERIFY
1107	VERIFY
1117	VERIFY
1120	VERIFY
1122	VERIFY
1123	VERIFY
1124	VERIFY
1125	VERIFY
1127	VERIFY
1129	VERIFY
1130	VERIFY
1132	VERIFY
1134	VERIFY
1137	VERIFY
1138	VERIFY
1140	VERIFY
1141	VERIFY
1149	VERIFY
1151	VERIFY
1152	VERIFY
1156	VERIFY
1157	VERIFY
1159	VERIFY
1161	VERIFY
